edX,course-v1:edX+DemoX+Demo_Course,DemoX,Demo_Course,block-v1:edX+DemoX+Demo_Course+type@about+block@overview,overview,about,true,2022-09-15 19:58:37.857000+00:00,2023-03-10 15:49:52.503553+00:00,2
edX,course-v1:edX+DemoX+Demo_Course,DemoX,Demo_Course,block-v1:edX+DemoX+Demo_Course+type@chapter+block@1414ffd5143b4b508f739b563ab468b7,About Exams and Certificates,chapter,false,2022-09-15 19:58:37.704000+00:00,2023-03-10 15:49:52.507041+00:00,121
edX,course-v1:edX+DemoX+Demo_Course,DemoX,Demo_Course,block-v1:edX+DemoX+Demo_Course+type@chapter+block@d8a6192ade314473a78242dfeedfbf5b,Introduction,chapter,false,2022-09-15 19:58:37.506000+00:00,2023-03-10 15:49:52.503589+00:00,3
edX,course-v1:edX+DemoX+Demo_Course,DemoX,Demo_Course,block-v1:edX+DemoX+Demo_Course+type@chapter+block@graded_interactions,Example Week 2: Get Interactive,chapter,false,2022-09-15 19:58:37.606000+00:00,2023-03-10 15:49:52.505368+00:00,65
edX,course-v1:edX+DemoX+Demo_Course,DemoX,Demo_Course,block-v1:edX+DemoX+Demo_Course+type@chapter+block@interactive_demonstrations,Example Week 1: Getting Started,chapter,false,2022-09-15 19:58:37.516000+00:00,2023-03-10 15:49:52.503745+00:00,8
edX,course-v1:edX+DemoX+Demo_Course,DemoX,Demo_Course,block-v1:edX+DemoX+Demo_Course+type@chapter+block@social_integration,Example Week 3: Be Social,chapter,false,2022-09-15 19:58:37.676000+00:00,2023-03-10 15:49:52.506524+00:00,102
edX,course-v1:edX+DemoX+Demo_Course,DemoX,Demo_Course,block-v1:edX+DemoX+Demo_Course+type@course+block@course,Demonstration Course,course,false,2022-09-15 19:58:33.531000+00:00,2023-03-10 15:49:52.503503+00:00,1
edX,course-v1:edX+DemoX+Demo_Course,DemoX,Demo_Course,block-v1:edX+DemoX+Demo_Course+type@course_info+block@handouts,Text,course_info,true,2022-09-15 19:58:37.873000+00:00,2023-03-10 15:49:52.508088+00:00,154
edX,course-v1:edX+DemoX+Demo_Course,DemoX,Demo_Course,block-v1:edX+DemoX+Demo_Course+type@course_info+block@updates,Text,course_info,true,2022-09-15 19:58:37.854000+00:00,2023-03-10 15:49:52.507851+00:00,150
edX,course-v1:edX+DemoX+Demo_Course,DemoX,Demo_Course,block-v1:edX+DemoX+Demo_Course+type@discussion+block@03f051f9a8814881a3783d2511613aa6,"",discussion,false,2022-09-15 19:58:37.638000+00:00,2023-03-10 15:49:52.505815+00:00,77
edX,course-v1:edX+DemoX+Demo_Course,DemoX,Demo_Course,block-v1:edX+DemoX+Demo_Course+type@discussion+block@12ad4f3ff4c14114a6e629b00e000976,Peer Grading,discussion,false,2022-09-15 19:58:37.674000+00:00,2023-03-10 15:49:52.506498+00:00,101
edX,course-v1:edX+DemoX+Demo_Course,DemoX,Demo_Course,block-v1:edX+DemoX+Demo_Course+type@discussion+block@1a810b1a3b2447b998f0917d0e5a802b,"",discussion,false,2022-09-15 19:58:37.844000+00:00,2023-03-10 15:49:52.507659+00:00,143
edX,course-v1:edX+DemoX+Demo_Course,DemoX,Demo_Course,block-v1:edX+DemoX+Demo_Course+type@discussion+block@1c8d47c425724346a7968fa1bc745dcd,Labs and Tools,discussion,false,2022-09-15 19:58:37.556000+00:00,2023-03-10 15:49:52.504436+00:00,32
edX,course-v1:edX+DemoX+Demo_Course,DemoX,Demo_Course,block-v1:edX+DemoX+Demo_Course+type@discussion+block@23e6eda482c04335af2bb265beacaf59,"",discussion,false,2022-09-15 19:58:37.849000+00:00,2023-03-10 15:49:52.507737+00:00,146
edX,course-v1:edX+DemoX+Demo_Course,DemoX,Demo_Course,block-v1:edX+DemoX+Demo_Course+type@discussion+block@3169f89efde2452993f2f2d9bc74f5b2,"",discussion,false,2022-09-15 19:58:37.547000+00:00,2023-03-10 15:49:52.504352+00:00,29
edX,course-v1:edX+DemoX+Demo_Course,DemoX,Demo_Course,block-v1:edX+DemoX+Demo_Course+type@discussion+block@412dc8dbb6674014862237b23c1f643f,Working with Videos,discussion,false,2022-09-15 19:58:37.527000+00:00,2023-03-10 15:49:52.503959+00:00,15
edX,course-v1:edX+DemoX+Demo_Course,DemoX,Demo_Course,block-v1:edX+DemoX+Demo_Course+type@discussion+block@4aba537a78774bd5a862485a8563c345,"",discussion,false,2022-09-15 19:58:37.821000+00:00,2023-03-10 15:49:52.507203+00:00,127
edX,course-v1:edX+DemoX+Demo_Course,DemoX,Demo_Course,block-v1:edX+DemoX+Demo_Course+type@discussion+block@4d672c5893cb4f1dad0de67d2008522e,"",discussion,false,2022-09-15 19:58:37.592000+00:00,2023-03-10 15:49:52.505114+00:00,56
edX,course-v1:edX+DemoX+Demo_Course,DemoX,Demo_Course,block-v1:edX+DemoX+Demo_Course+type@discussion+block@4f06b358a96f4d1dae57d6d81acd06f2,"",discussion,false,2022-09-15 19:58:37.660000+00:00,2023-03-10 15:49:52.506227+00:00,91
edX,course-v1:edX+DemoX+Demo_Course,DemoX,Demo_Course,block-v1:edX+DemoX+Demo_Course+type@discussion+block@501aed9d902349eeb2191fa505548de2,"",discussion,false,2022-09-15 19:58:37.597000+00:00,2023-03-10 15:49:52.505203+00:00,59
edX,course-v1:edX+DemoX+Demo_Course,DemoX,Demo_Course,block-v1:edX+DemoX+Demo_Course+type@discussion+block@5ab88e67d46049b9aa694cb240c39cef,"",discussion,false,2022-09-15 19:58:37.580000+00:00,2023-03-10 15:49:52.504859+00:00,47
edX,course-v1:edX+DemoX+Demo_Course,DemoX,Demo_Course,block-v1:edX+DemoX+Demo_Course+type@discussion+block@6244918637ed4ff4b5f94a840a7e4b43,"",discussion,false,2022-09-15 19:58:37.601000+00:00,2023-03-10 15:49:52.505283+00:00,62
edX,course-v1:edX+DemoX+Demo_Course,DemoX,Demo_Course,block-v1:edX+DemoX+Demo_Course+type@discussion+block@67c26b1e826e47aaa29757f62bcd1ad0,"",discussion,false,2022-09-15 19:58:37.584000+00:00,2023-03-10 15:49:52.504953+00:00,50
edX,course-v1:edX+DemoX+Demo_Course,DemoX,Demo_Course,block-v1:edX+DemoX+Demo_Course+type@discussion+block@6f7a6670f87147149caeff6afa07a526,"",discussion,false,2022-09-15 19:58:37.628000+00:00,2023-03-10 15:49:52.505530+00:00,71
edX,course-v1:edX+DemoX+Demo_Course,DemoX,Demo_Course,block-v1:edX+DemoX+Demo_Course+type@discussion+block@722085be27c84ac693cfebc8ac5da700,Videos on edX,discussion,false,2022-09-15 19:58:37.533000+00:00,2023-03-10 15:49:52.504068+00:00,19
edX,course-v1:edX+DemoX+Demo_Course,DemoX,Demo_Course,block-v1:edX+DemoX+Demo_Course+type@discussion+block@870371212ba04dcf9536d7c7b8f3109e,"",discussion,false,2022-09-15 19:58:37.588000+00:00,2023-03-10 15:49:52.505033+00:00,53
edX,course-v1:edX+DemoX+Demo_Course,DemoX,Demo_Course,block-v1:edX+DemoX+Demo_Course+type@discussion+block@9f9e1373cc8243b985c8750cc8acec7d,Video Demonstrations,discussion,false,2022-09-15 19:58:37.537000+00:00,2023-03-10 15:49:52.504152+00:00,22
edX,course-v1:edX+DemoX+Demo_Course,DemoX,Demo_Course,block-v1:edX+DemoX+Demo_Course+type@discussion+block@ade92343df3d4953a40ab3adc8805390,Google Hangout,discussion,false,2022-09-15 19:58:37.703000+00:00,2023-03-10 15:49:52.507015+00:00,120
edX,course-v1:edX+DemoX+Demo_Course,DemoX,Demo_Course,block-v1:edX+DemoX+Demo_Course+type@discussion+block@b8cec2a19ebf463f90cd3544c7927b0e,"",discussion,false,2022-09-15 19:58:37.830000+00:00,2023-03-10 15:49:52.507380+00:00,133
edX,course-v1:edX+DemoX+Demo_Course,DemoX,Demo_Course,block-v1:edX+DemoX+Demo_Course+type@discussion+block@c6cd4bea43454aaea60ad01beb0cf213,"",discussion,false,2022-09-15 19:58:37.652000+00:00,2023-03-10 15:49:52.506093+00:00,86
edX,course-v1:edX+DemoX+Demo_Course,DemoX,Demo_Course,block-v1:edX+DemoX+Demo_Course+type@discussion+block@cd177caa62444fbca48aa8f843f09eac,"",discussion,false,2022-09-15 19:58:37.836000+00:00,2023-03-10 15:49:52.507493+00:00,137
edX,course-v1:edX+DemoX+Demo_Course,DemoX,Demo_Course,block-v1:edX+DemoX+Demo_Course+type@discussion+block@ddede76df71045ffa16de9d1481d2119,"",discussion,false,2022-09-15 19:58:37.840000+00:00,2023-03-10 15:49:52.507575+00:00,140
edX,course-v1:edX+DemoX+Demo_Course,DemoX,Demo_Course,block-v1:edX+DemoX+Demo_Course+type@discussion+block@discussion_5deb6081620d,Discussion Forums,discussion,false,2022-09-15 19:58:37.686000+00:00,2023-03-10 15:49:52.506685+00:00,108
edX,course-v1:edX+DemoX+Demo_Course,DemoX,Demo_Course,block-v1:edX+DemoX+Demo_Course+type@discussion+block@e0d7423118ab432582d03e8e8dad8e36,"",discussion,false,2022-09-15 19:58:37.633000+00:00,2023-03-10 15:49:52.505715+00:00,74
edX,course-v1:edX+DemoX+Demo_Course,DemoX,Demo_Course,block-v1:edX+DemoX+Demo_Course+type@discussion+block@e2cb0e0994f84b0abfa5f4ae42ed9d44,Video Presentation Styles,discussion,false,2022-09-15 19:58:37.542000+00:00,2023-03-10 15:49:52.504262+00:00,26
edX,course-v1:edX+DemoX+Demo_Course,DemoX,Demo_Course,block-v1:edX+DemoX+Demo_Course+type@discussion+block@e5eac7e1a5a24f5fa7ed77bb6d136591,"",discussion,false,2022-09-15 19:58:37.575000+00:00,2023-03-10 15:49:52.504778+00:00,44
edX,course-v1:edX+DemoX+Demo_Course,DemoX,Demo_Course,block-v1:edX+DemoX+Demo_Course+type@discussion+block@ed01bcd164e64038a78964a16eac3edc,"",discussion,false,2022-09-15 19:58:37.665000+00:00,2023-03-10 15:49:52.506332+00:00,95
edX,course-v1:edX+DemoX+Demo_Course,DemoX,Demo_Course,block-v1:edX+DemoX+Demo_Course+type@discussion+block@f480df4ce91347c5ae4301ddf6146238,"",discussion,false,2022-09-15 19:58:37.826000+00:00,2023-03-10 15:49:52.507284+00:00,130
edX,course-v1:edX+DemoX+Demo_Course,DemoX,Demo_Course,block-v1:edX+DemoX+Demo_Course+type@discussion+block@ffa5817d49e14fec83ad6187cbe16358,Reading Sample,discussion,false,2022-09-15 19:58:37.565000+00:00,2023-03-10 15:49:52.504608+00:00,38
edX,course-v1:edX+DemoX+Demo_Course,DemoX,Demo_Course,block-v1:edX+DemoX+Demo_Course+type@html+block@030e35c4756a4ddc8d40b95fbbfff4d4,Blank HTML Page,html,false,2022-09-15 19:58:37.513000+00:00,2023-03-10 15:49:52.503684+00:00,6
edX,course-v1:edX+DemoX+Demo_Course,DemoX,Demo_Course,block-v1:edX+DemoX+Demo_Course+type@html+block@0a3b4139f51a4917a3aff9d519b1eeb6,Videos on edX,html,false,2022-09-15 19:58:37.530000+00:00,2023-03-10 15:49:52.504015+00:00,17
edX,course-v1:edX+DemoX+Demo_Course,DemoX,Demo_Course,block-v1:edX+DemoX+Demo_Course+type@html+block@148ae8fa73ea460eb6f05505da0ba6e6,Getting Your edX Certificate,html,false,2022-09-15 19:58:37.851000+00:00,2023-03-10 15:49:52.507794+00:00,148
edX,course-v1:edX+DemoX+Demo_Course,DemoX,Demo_Course,block-v1:edX+DemoX+Demo_Course+type@html+block@2574c523e97b477a9d72fbb37bfb995f,Text,html,false,2022-09-15 19:58:37.561000+00:00,2023-03-10 15:49:52.504521+00:00,35
edX,course-v1:edX+DemoX+Demo_Course,DemoX,Demo_Course,block-v1:edX+DemoX+Demo_Course+type@html+block@2bee8c4248e842a19ba1e73ed8d426c2,Labs and Demos,html,false,2022-09-15 19:58:37.645000+00:00,2023-03-10 15:49:52.505979+00:00,82
edX,course-v1:edX+DemoX+Demo_Course,DemoX,Demo_Course,block-v1:edX+DemoX+Demo_Course+type@html+block@55cbc99f262443d886a25cf84594eafb,Text,html,false,2022-09-15 19:58:37.701000+00:00,2023-03-10 15:49:52.506985+00:00,119
edX,course-v1:edX+DemoX+Demo_Course,DemoX,Demo_Course,block-v1:edX+DemoX+Demo_Course+type@html+block@5e009378f0b64585baa0a14b155974b9,Passing a Course,html,false,2022-09-15 19:58:37.847000+00:00,2023-03-10 15:49:52.507712+00:00,145
edX,course-v1:edX+DemoX+Demo_Course,DemoX,Demo_Course,block-v1:edX+DemoX+Demo_Course+type@html+block@6018785795994726950614ce7d0f38c5,Find Your Study Buddy,html,false,2022-09-15 19:58:37.695000+00:00,2023-03-10 15:49:52.506867+00:00,115
edX,course-v1:edX+DemoX+Demo_Course,DemoX,Demo_Course,block-v1:edX+DemoX+Demo_Course+type@html+block@6b6bee43c7c641509da71c9299cc9f5a,Blank HTML Page,html,false,2022-09-15 19:58:37.853000+00:00,2023-03-10 15:49:52.507821+00:00,149
edX,course-v1:edX+DemoX+Demo_Course,DemoX,Demo_Course,block-v1:edX+DemoX+Demo_Course+type@html+block@6bcccc2d7343416e9e03fd7325b2f232,"",html,false,2022-09-15 19:58:37.524000+00:00,2023-03-10 15:49:52.503886+00:00,13
edX,course-v1:edX+DemoX+Demo_Course,DemoX,Demo_Course,block-v1:edX+DemoX+Demo_Course+type@html+block@700x_pathways,Zooming Diagrams,html,false,2022-09-15 19:58:37.631000+00:00,2023-03-10 15:49:52.505644+00:00,73
edX,course-v1:edX+DemoX+Demo_Course,DemoX,Demo_Course,block-v1:edX+DemoX+Demo_Course+type@html+block@78d7d3642f3a4dbabbd1b017861aa5f2,Lesson 2: Let's Get Interactive!,html,false,2022-09-15 19:58:37.611000+00:00,2023-03-10 15:49:52.505449+00:00,68
edX,course-v1:edX+DemoX+Demo_Course,DemoX,Demo_Course,block-v1:edX+DemoX+Demo_Course+type@html+block@78e3719e864e45f3bee938461f3c3de6,Protein Builder,html,false,2022-09-15 19:58:37.662000+00:00,2023-03-10 15:49:52.506279+00:00,93
edX,course-v1:edX+DemoX+Demo_Course,DemoX,Demo_Course,block-v1:edX+DemoX+Demo_Course+type@html+block@8293139743f34377817d537b69911530,EdX Exams,html,false,2022-09-15 19:58:37.710000+00:00,2023-03-10 15:49:52.507120+00:00,124
edX,course-v1:edX+DemoX+Demo_Course,DemoX,Demo_Course,block-v1:edX+DemoX+Demo_Course+type@html+block@82d599b014b246c7a9b5dfc750dc08a9,Getting Started,html,false,2022-09-15 19:58:37.521000+00:00,2023-03-10 15:49:52.503831+00:00,11
edX,course-v1:edX+DemoX+Demo_Course,DemoX,Demo_Course,block-v1:edX+DemoX+Demo_Course+type@html+block@87fa6792d79f4862be098e5169e93339,Blank HTML Page,html,false,2022-09-15 19:58:37.691000+00:00,2023-03-10 15:49:52.506787+00:00,112
edX,course-v1:edX+DemoX+Demo_Course,DemoX,Demo_Course,block-v1:edX+DemoX+Demo_Course+type@html+block@891211e17f9a472290a5f12c7a6626d7,Code Grader,html,false,2022-09-15 19:58:37.648000+00:00,2023-03-10 15:49:52.506035+00:00,84
edX,course-v1:edX+DemoX+Demo_Course,DemoX,Demo_Course,block-v1:edX+DemoX+Demo_Course+type@html+block@8bb218cccf8d40519a971ff0e4901ccf,Getting Help,html,false,2022-09-15 19:58:37.688000+00:00,2023-03-10 15:49:52.506736+00:00,110
edX,course-v1:edX+DemoX+Demo_Course,DemoX,Demo_Course,block-v1:edX+DemoX+Demo_Course+type@html+block@9d5104b502f24ee89c3d2f4ce9d347cf,When Are Your Exams? ,html,false,2022-09-15 19:58:37.568000+00:00,2023-03-10 15:49:52.504664+00:00,40
edX,course-v1:edX+DemoX+Demo_Course,DemoX,Demo_Course,block-v1:edX+DemoX+Demo_Course+type@html+block@Lab_5B_Mosfet_Amplifier_Experiment,Electronic Sound Experiment,html,false,2022-09-15 19:58:37.636000+00:00,2023-03-10 15:49:52.505778+00:00,76
edX,course-v1:edX+DemoX+Demo_Course,DemoX,Demo_Course,block-v1:edX+DemoX+Demo_Course+type@html+block@c2f7008c9ccf4bd09d5d800c98fb0722,"",html,false,2022-09-15 19:58:37.540000+00:00,2023-03-10 15:49:52.504206+00:00,24
edX,course-v1:edX+DemoX+Demo_Course,DemoX,Demo_Course,block-v1:edX+DemoX+Demo_Course+type@html+block@d45779ad3d024a40a09ad8cc317c0970,Text,html,false,2022-09-15 19:58:37.700000+00:00,2023-03-10 15:49:52.506960+00:00,118
edX,course-v1:edX+DemoX+Demo_Course,DemoX,Demo_Course,block-v1:edX+DemoX+Demo_Course+type@html+block@d5a5caaf35e84ebc9a747038465dcfb4,Electronic Circuit Simulator,html,false,2022-09-15 19:58:37.655000+00:00,2023-03-10 15:49:52.506147+00:00,88
edX,course-v1:edX+DemoX+Demo_Course,DemoX,Demo_Course,block-v1:edX+DemoX+Demo_Course+type@html+block@e0254b911fa246218bd98bbdadffef06,Reading Assignments,html,false,2022-09-15 19:58:37.559000+00:00,2023-03-10 15:49:52.504494+00:00,34
edX,course-v1:edX+DemoX+Demo_Course,DemoX,Demo_Course,block-v1:edX+DemoX+Demo_Course+type@html+block@ed5dccf14ae94353961f46fa07217491,"",html,false,2022-09-15 19:58:37.536000+00:00,2023-03-10 15:49:52.504121+00:00,21
edX,course-v1:edX+DemoX+Demo_Course,DemoX,Demo_Course,block-v1:edX+DemoX+Demo_Course+type@html+block@f4a39219742149f781a1dda6f43a623c,Overall Grade,html,false,2022-09-15 19:58:37.843000+00:00,2023-03-10 15:49:52.507633+00:00,142
edX,course-v1:edX+DemoX+Demo_Course,DemoX,Demo_Course,block-v1:edX+DemoX+Demo_Course+type@html+block@f9f3a25e7bab46e583fd1fbbd7a2f6a0,Be Social,html,false,2022-09-15 19:58:37.681000+00:00,2023-03-10 15:49:52.506604+00:00,105
edX,course-v1:edX+DemoX+Demo_Course,DemoX,Demo_Course,block-v1:edX+DemoX+Demo_Course+type@html+block@ffcd6351126d4ca984409180e41d1b51,Exciting Labs and Tools,html,false,2022-09-15 19:58:37.555000+00:00,2023-03-10 15:49:52.504406+00:00,31
edX,course-v1:edX+DemoX+Demo_Course,DemoX,Demo_Course,block-v1:edX+DemoX+Demo_Course+type@html+block@html_07d547513285,An Interactive Reference Table,html,false,2022-09-15 19:58:37.626000+00:00,2023-03-10 15:49:52.505503+00:00,70
edX,course-v1:edX+DemoX+Demo_Course,DemoX,Demo_Course,block-v1:edX+DemoX+Demo_Course+type@html+block@html_49b4494da2f7,Discussion Forums,html,false,2022-09-15 19:58:37.684000+00:00,2023-03-10 15:49:52.506659+00:00,107
edX,course-v1:edX+DemoX+Demo_Course,DemoX,Demo_Course,block-v1:edX+DemoX+Demo_Course+type@openassessment+block@b24c33ea35954c7889e1d2944d3fe397,Open Response Assessment,openassessment,false,2022-09-15 19:58:37.673000+00:00,2023-03-10 15:49:52.506471+00:00,100
edX,course-v1:edX+DemoX+Demo_Course,DemoX,Demo_Course,block-v1:edX+DemoX+Demo_Course+type@problem+block@0d759dee4f9d459c8956136dbde55f02,Text Input,problem,false,2022-09-15 19:58:37.600000+00:00,2023-03-10 15:49:52.505257+00:00,61
edX,course-v1:edX+DemoX+Demo_Course,DemoX,Demo_Course,block-v1:edX+DemoX+Demo_Course+type@problem+block@303034da25524878a2e66fb57c91cf85,Attributing Blame,problem,false,2022-09-15 19:58:37.564000+00:00,2023-03-10 15:49:52.504581+00:00,37
edX,course-v1:edX+DemoX+Demo_Course,DemoX,Demo_Course,block-v1:edX+DemoX+Demo_Course+type@problem+block@45d46192272c4f6db6b63586520bbdf4,Getting Answers,problem,false,2022-09-15 19:58:37.824000+00:00,2023-03-10 15:49:52.507257+00:00,129
edX,course-v1:edX+DemoX+Demo_Course,DemoX,Demo_Course,block-v1:edX+DemoX+Demo_Course+type@problem+block@651e0945b77f42e0a4c89b8c3e6f5b3b,Answering More Than Once,problem,false,2022-09-15 19:58:37.828000+00:00,2023-03-10 15:49:52.507351+00:00,132
edX,course-v1:edX+DemoX+Demo_Course,DemoX,Demo_Course,block-v1:edX+DemoX+Demo_Course+type@problem+block@700x_proteinmake,Designing Proteins in Two Dimensions,problem,false,2022-09-15 19:58:37.664000+00:00,2023-03-10 15:49:52.506307+00:00,94
edX,course-v1:edX+DemoX+Demo_Course,DemoX,Demo_Course,block-v1:edX+DemoX+Demo_Course+type@problem+block@75f9562c77bc4858b61f907bb810d974,Numerical Input,problem,false,2022-09-15 19:58:37.595000+00:00,2023-03-10 15:49:52.505170+00:00,58
edX,course-v1:edX+DemoX+Demo_Course,DemoX,Demo_Course,block-v1:edX+DemoX+Demo_Course+type@problem+block@932e6f2ce8274072a355a94560216d1a,Perchance to Dream,problem,false,2022-09-15 19:58:37.563000+00:00,2023-03-10 15:49:52.504550+00:00,36
edX,course-v1:edX+DemoX+Demo_Course,DemoX,Demo_Course,block-v1:edX+DemoX+Demo_Course+type@problem+block@9b9687073e904ae197799dc415df899f,Molecule Structures,problem,false,2022-09-15 19:58:37.668000+00:00,2023-03-10 15:49:52.506385+00:00,97
edX,course-v1:edX+DemoX+Demo_Course,DemoX,Demo_Course,block-v1:edX+DemoX+Demo_Course+type@problem+block@9cee77a606ea4c1aa5440e0ea5d0f618,Interactive Questions,problem,false,2022-09-15 19:58:37.545000+00:00,2023-03-10 15:49:52.504325+00:00,28
edX,course-v1:edX+DemoX+Demo_Course,DemoX,Demo_Course,block-v1:edX+DemoX+Demo_Course+type@problem+block@Sample_Algebraic_Problem,Mathematical Expressions,problem,false,2022-09-15 19:58:37.587000+00:00,2023-03-10 15:49:52.505007+00:00,52
edX,course-v1:edX+DemoX+Demo_Course,DemoX,Demo_Course,block-v1:edX+DemoX+Demo_Course+type@problem+block@Sample_ChemFormula_Problem,Chemical Equations,problem,false,2022-09-15 19:58:37.591000+00:00,2023-03-10 15:49:52.505088+00:00,55
edX,course-v1:edX+DemoX+Demo_Course,DemoX,Demo_Course,block-v1:edX+DemoX+Demo_Course+type@problem+block@a0effb954cca4759994f1ac9e9434bf4,Multiple Choice Questions,problem,false,2022-09-15 19:58:37.583000+00:00,2023-03-10 15:49:52.504926+00:00,49
edX,course-v1:edX+DemoX+Demo_Course,DemoX,Demo_Course,block-v1:edX+DemoX+Demo_Course+type@problem+block@c554538a57664fac80783b99d9d6da7c,Pointing on a Picture,problem,false,2022-09-15 19:58:37.573000+00:00,2023-03-10 15:49:52.504752+00:00,43
edX,course-v1:edX+DemoX+Demo_Course,DemoX,Demo_Course,block-v1:edX+DemoX+Demo_Course+type@problem+block@d1b84dcd39b0423d9e288f27f0f7f242,Few Checks,problem,false,2022-09-15 19:58:37.834000+00:00,2023-03-10 15:49:52.507465+00:00,136
edX,course-v1:edX+DemoX+Demo_Course,DemoX,Demo_Course,block-v1:edX+DemoX+Demo_Course+type@problem+block@d2e35c1d294b4ba0b3b1048615605d2a,Drag and Drop,problem,false,2022-09-15 19:58:37.578000+00:00,2023-03-10 15:49:52.504833+00:00,46
edX,course-v1:edX+DemoX+Demo_Course,DemoX,Demo_Course,block-v1:edX+DemoX+Demo_Course+type@problem+block@d7daeff25e4f4026bdd269ae69e03e02,Instructor-Programmed Responses,problem,false,2022-09-15 19:58:37.604000+00:00,2023-03-10 15:49:52.505341+00:00,64
edX,course-v1:edX+DemoX+Demo_Course,DemoX,Demo_Course,block-v1:edX+DemoX+Demo_Course+type@problem+block@ex_practice_2,Immediate Feedback,problem,false,2022-09-15 19:58:37.820000+00:00,2023-03-10 15:49:52.507172+00:00,126
edX,course-v1:edX+DemoX+Demo_Course,DemoX,Demo_Course,block-v1:edX+DemoX+Demo_Course+type@problem+block@ex_practice_3,Randomized Questions,problem,false,2022-09-15 19:58:37.838000+00:00,2023-03-10 15:49:52.507547+00:00,139
edX,course-v1:edX+DemoX+Demo_Course,DemoX,Demo_Course,block-v1:edX+DemoX+Demo_Course+type@problem+block@ex_practice_limited_checks,Limited Checks,problem,false,2022-09-15 19:58:37.833000+00:00,2023-03-10 15:49:52.507437+00:00,135
edX,course-v1:edX+DemoX+Demo_Course,DemoX,Demo_Course,block-v1:edX+DemoX+Demo_Course+type@problem+block@free_form_simulation,problem,problem,false,2022-09-15 19:58:37.656000+00:00,2023-03-10 15:49:52.506173+00:00,89
edX,course-v1:edX+DemoX+Demo_Course,DemoX,Demo_Course,block-v1:edX+DemoX+Demo_Course+type@problem+block@logic_gate_problem,problem,problem,false,2022-09-15 19:58:37.658000+00:00,2023-03-10 15:49:52.506201+00:00,90
edX,course-v1:edX+DemoX+Demo_Course,DemoX,Demo_Course,block-v1:edX+DemoX+Demo_Course+type@problem+block@python_grader,problem,problem,false,2022-09-15 19:58:37.650000+00:00,2023-03-10 15:49:52.506067+00:00,85
edX,course-v1:edX+DemoX+Demo_Course,DemoX,Demo_Course,block-v1:edX+DemoX+Demo_Course+type@sequential+block@175e76c4951144a29d46211361266e0e,Homework - Essays,sequential,false,2022-09-15 19:58:37.669000+00:00,2023-03-10 15:49:52.506412+00:00,98
edX,course-v1:edX+DemoX+Demo_Course,DemoX,Demo_Course,block-v1:edX+DemoX+Demo_Course+type@sequential+block@19a30717eff543078a5d94ae9d6c18a5,Lesson 1 - Getting Started,sequential,false,2022-09-15 19:58:37.518000+00:00,2023-03-10 15:49:52.503775+00:00,9
edX,course-v1:edX+DemoX+Demo_Course,DemoX,Demo_Course,block-v1:edX+DemoX+Demo_Course+type@sequential+block@48ecb924d7fe4b66a230137626bfa93e,Lesson 3 - Be Social,sequential,false,2022-09-15 19:58:37.678000+00:00,2023-03-10 15:49:52.506551+00:00,103
edX,course-v1:edX+DemoX+Demo_Course,DemoX,Demo_Course,block-v1:edX+DemoX+Demo_Course+type@sequential+block@6ab9c442501d472c8ed200e367b4edfa,More Ways to Connect,sequential,false,2022-09-15 19:58:37.697000+00:00,2023-03-10 15:49:52.506893+00:00,116
edX,course-v1:edX+DemoX+Demo_Course,DemoX,Demo_Course,block-v1:edX+DemoX+Demo_Course+type@sequential+block@basic_questions,Homework - Question Styles,sequential,false,2022-09-15 19:58:37.570000+00:00,2023-03-10 15:49:52.504693+00:00,41
edX,course-v1:edX+DemoX+Demo_Course,DemoX,Demo_Course,block-v1:edX+DemoX+Demo_Course+type@sequential+block@dbe8fc027bcb4fe9afb744d2e8415855,Homework - Find Your Study Buddy,sequential,false,2022-09-15 19:58:37.692000+00:00,2023-03-10 15:49:52.506816+00:00,113
edX,course-v1:edX+DemoX+Demo_Course,DemoX,Demo_Course,block-v1:edX+DemoX+Demo_Course+type@sequential+block@edx_introduction,Demo Course Overview,sequential,false,2022-09-15 19:58:37.508000+00:00,2023-03-10 15:49:52.503620+00:00,4
edX,course-v1:edX+DemoX+Demo_Course,DemoX,Demo_Course,block-v1:edX+DemoX+Demo_Course+type@sequential+block@graded_simulations,Homework - Labs and Demos,sequential,false,2022-09-15 19:58:37.642000+00:00,2023-03-10 15:49:52.505917+00:00,80
edX,course-v1:edX+DemoX+Demo_Course,DemoX,Demo_Course,block-v1:edX+DemoX+Demo_Course+type@sequential+block@simulations,Lesson 2 - Let's Get Interactive!,sequential,false,2022-09-15 19:58:37.607000+00:00,2023-03-10 15:49:52.505395+00:00,66
edX,course-v1:edX+DemoX+Demo_Course,DemoX,Demo_Course,block-v1:edX+DemoX+Demo_Course+type@sequential+block@workflow,edX Exams,sequential,false,2022-09-15 19:58:37.706000+00:00,2023-03-10 15:49:52.507067+00:00,122
edX,course-v1:edX+DemoX+Demo_Course,DemoX,Demo_Course,block-v1:edX+DemoX+Demo_Course+type@static_tab+block@ac018012543747eb919d84331c7e3947,Empty,static_tab,true,2022-09-15 19:58:37.858000+00:00,2023-03-10 15:49:52.507880+00:00,151
edX,course-v1:edX+DemoX+Demo_Course,DemoX,Demo_Course,block-v1:edX+DemoX+Demo_Course+type@static_tab+block@be2f396016c94427a5c3c4ea141155b7,Empty,static_tab,true,2022-09-15 19:58:37.871000+00:00,2023-03-10 15:49:52.508047+00:00,153
edX,course-v1:edX+DemoX+Demo_Course,DemoX,Demo_Course,block-v1:edX+DemoX+Demo_Course+type@static_tab+block@periodic_table,Empty,static_tab,true,2022-09-15 19:58:37.870000+00:00,2023-03-10 15:49:52.507988+00:00,152
edX,course-v1:edX+DemoX+Demo_Course,DemoX,Demo_Course,block-v1:edX+DemoX+Demo_Course+type@vertical+block@134df56c516a4a0dbb24dd5facef746e,Reading Assignments,vertical,false,2022-09-15 19:58:37.558000+00:00,2023-03-10 15:49:52.504466+00:00,33
edX,course-v1:edX+DemoX+Demo_Course,DemoX,Demo_Course,block-v1:edX+DemoX+Demo_Course+type@vertical+block@1b0e2c2c84884b95b1c99fb678cc964c,Overall Grade Performance,vertical,false,2022-09-15 19:58:37.841000+00:00,2023-03-10 15:49:52.507605+00:00,141
edX,course-v1:edX+DemoX+Demo_Course,DemoX,Demo_Course,block-v1:edX+DemoX+Demo_Course+type@vertical+block@2152d4a4aadc4cb0af5256394a3d1fc7,Pointing on a Picture,vertical,false,2022-09-15 19:58:37.572000+00:00,2023-03-10 15:49:52.504721+00:00,42
edX,course-v1:edX+DemoX+Demo_Course,DemoX,Demo_Course,block-v1:edX+DemoX+Demo_Course+type@vertical+block@256f17a44983429fb1a60802203ee4e0,Video Presentation Styles,vertical,false,2022-09-15 19:58:37.538000+00:00,2023-03-10 15:49:52.504180+00:00,23
edX,course-v1:edX+DemoX+Demo_Course,DemoX,Demo_Course,block-v1:edX+DemoX+Demo_Course+type@vertical+block@26d89b08f75d48829a63520ed8b0037d,Homework - Find Your Study Buddy,vertical,false,2022-09-15 19:58:37.694000+00:00,2023-03-10 15:49:52.506841+00:00,114
edX,course-v1:edX+DemoX+Demo_Course,DemoX,Demo_Course,block-v1:edX+DemoX+Demo_Course+type@vertical+block@2889db1677a549abb15eb4d886f95d1c,Numerical Input,vertical,false,2022-09-15 19:58:37.594000+00:00,2023-03-10 15:49:52.505142+00:00,57
edX,course-v1:edX+DemoX+Demo_Course,DemoX,Demo_Course,block-v1:edX+DemoX+Demo_Course+type@vertical+block@312cb4faed17420e82ab3178fc3e251a,Getting Help,vertical,false,2022-09-15 19:58:37.687000+00:00,2023-03-10 15:49:52.506710+00:00,109
edX,course-v1:edX+DemoX+Demo_Course,DemoX,Demo_Course,block-v1:edX+DemoX+Demo_Course+type@vertical+block@3c4b575924bf4b75a2f3542df5c354fc,Be Social,vertical,false,2022-09-15 19:58:37.680000+00:00,2023-03-10 15:49:52.506577+00:00,104
edX,course-v1:edX+DemoX+Demo_Course,DemoX,Demo_Course,block-v1:edX+DemoX+Demo_Course+type@vertical+block@3dc16db8d14842e38324e95d4030b8a0,Videos on edX,vertical,false,2022-09-15 19:58:37.528000+00:00,2023-03-10 15:49:52.503987+00:00,16
edX,course-v1:edX+DemoX+Demo_Course,DemoX,Demo_Course,block-v1:edX+DemoX+Demo_Course+type@vertical+block@3f2c11aba9434e459676a7d7acc4d960,Google Hangout,vertical,false,2022-09-15 19:58:37.699000+00:00,2023-03-10 15:49:52.506933+00:00,117
edX,course-v1:edX+DemoX+Demo_Course,DemoX,Demo_Course,block-v1:edX+DemoX+Demo_Course+type@vertical+block@47dbd5f836544e61877a483c0b75606c,Drag and Drop,vertical,false,2022-09-15 19:58:37.576000+00:00,2023-03-10 15:49:52.504805+00:00,45
edX,course-v1:edX+DemoX+Demo_Course,DemoX,Demo_Course,block-v1:edX+DemoX+Demo_Course+type@vertical+block@4a1bba2a403f40bca5ec245e945b0d76,Video Demonstrations,vertical,false,2022-09-15 19:58:37.534000+00:00,2023-03-10 15:49:52.504094+00:00,20
edX,course-v1:edX+DemoX+Demo_Course,DemoX,Demo_Course,block-v1:edX+DemoX+Demo_Course+type@vertical+block@4e592689563243c484af947465eaef0d,New Unit,vertical,false,2022-09-15 19:58:37.639000+00:00,2023-03-10 15:49:52.505841+00:00,78
edX,course-v1:edX+DemoX+Demo_Course,DemoX,Demo_Course,block-v1:edX+DemoX+Demo_Course+type@vertical+block@4f6c1b4e316a419ab5b6bf30e6c708e9,Working with Videos,vertical,false,2022-09-15 19:58:37.523000+00:00,2023-03-10 15:49:52.503859+00:00,12
edX,course-v1:edX+DemoX+Demo_Course,DemoX,Demo_Course,block-v1:edX+DemoX+Demo_Course+type@vertical+block@54bb9b142c6c4c22afc62bcb628f0e68,Multiple Choice Questions,vertical,false,2022-09-15 19:58:37.581000+00:00,2023-03-10 15:49:52.504886+00:00,48
edX,course-v1:edX+DemoX+Demo_Course,DemoX,Demo_Course,block-v1:edX+DemoX+Demo_Course+type@vertical+block@7efc7bf4a47b4a6cb6595c32cde7712a,Homework - Find Your Study Buddy,vertical,false,2022-09-15 19:58:37.690000+00:00,2023-03-10 15:49:52.506762+00:00,111
edX,course-v1:edX+DemoX+Demo_Course,DemoX,Demo_Course,block-v1:edX+DemoX+Demo_Course+type@vertical+block@867dddb6f55d410caaa9c1eb9c6743ec,Getting Started,vertical,false,2022-09-15 19:58:37.520000+00:00,2023-03-10 15:49:52.503803+00:00,10
edX,course-v1:edX+DemoX+Demo_Course,DemoX,Demo_Course,block-v1:edX+DemoX+Demo_Course+type@vertical+block@8f89194410954e768bde1764985454a7,Molecule Structures,vertical,false,2022-09-15 19:58:37.667000+00:00,2023-03-10 15:49:52.506358+00:00,96
edX,course-v1:edX+DemoX+Demo_Course,DemoX,Demo_Course,block-v1:edX+DemoX+Demo_Course+type@vertical+block@934cc32c177d41b580c8413e561346b3,EdX Exams,vertical,false,2022-09-15 19:58:37.708000+00:00,2023-03-10 15:49:52.507094+00:00,123
edX,course-v1:edX+DemoX+Demo_Course,DemoX,Demo_Course,block-v1:edX+DemoX+Demo_Course+type@vertical+block@a79d59cd72034188a71d388f4954a606,Exciting Labs and Tools,vertical,false,2022-09-15 19:58:37.548000+00:00,2023-03-10 15:49:52.504378+00:00,30
edX,course-v1:edX+DemoX+Demo_Course,DemoX,Demo_Course,block-v1:edX+DemoX+Demo_Course+type@vertical+block@b6662b497c094bcc9b870d8270c90c93,Getting Answers,vertical,false,2022-09-15 19:58:37.823000+00:00,2023-03-10 15:49:52.507230+00:00,128
edX,course-v1:edX+DemoX+Demo_Course,DemoX,Demo_Course,block-v1:edX+DemoX+Demo_Course+type@vertical+block@c7e98fd39a6944edb6b286c32e1150ff,Passing a Course,vertical,false,2022-09-15 19:58:37.846000+00:00,2023-03-10 15:49:52.507685+00:00,144
edX,course-v1:edX+DemoX+Demo_Course,DemoX,Demo_Course,block-v1:edX+DemoX+Demo_Course+type@vertical+block@d0d804e8863c4a95a659c04d8a2b2bc0,Lesson 2 - Let's Get Interactive! ,vertical,false,2022-09-15 19:58:37.610000+00:00,2023-03-10 15:49:52.505422+00:00,67
edX,course-v1:edX+DemoX+Demo_Course,DemoX,Demo_Course,block-v1:edX+DemoX+Demo_Course+type@vertical+block@d6cee45205a449369d7ef8f159b22bdf,Labs and Demos,vertical,false,2022-09-15 19:58:37.644000+00:00,2023-03-10 15:49:52.505947+00:00,81
edX,course-v1:edX+DemoX+Demo_Course,DemoX,Demo_Course,block-v1:edX+DemoX+Demo_Course+type@vertical+block@d6eaa391d2be41dea20b8b1bfbcb1c45,Getting Your edX Certificate,vertical,false,2022-09-15 19:58:37.850000+00:00,2023-03-10 15:49:52.507765+00:00,147
edX,course-v1:edX+DemoX+Demo_Course,DemoX,Demo_Course,block-v1:edX+DemoX+Demo_Course+type@vertical+block@d91b9e5d8bc64d57a1332d06bf2f2193,When Are Your Exams? ,vertical,false,2022-09-15 19:58:37.567000+00:00,2023-03-10 15:49:52.504637+00:00,39
edX,course-v1:edX+DemoX+Demo_Course,DemoX,Demo_Course,block-v1:edX+DemoX+Demo_Course+type@vertical+block@e3601c0abee6427d8c17e6d6f8fdddd1,Interactive Questions,vertical,false,2022-09-15 19:58:37.544000+00:00,2023-03-10 15:49:52.504289+00:00,27
edX,course-v1:edX+DemoX+Demo_Course,DemoX,Demo_Course,block-v1:edX+DemoX+Demo_Course+type@vertical+block@e8a5cc2aed424838853defab7be45e42,Text input,vertical,false,2022-09-15 19:58:37.598000+00:00,2023-03-10 15:49:52.505229+00:00,60
edX,course-v1:edX+DemoX+Demo_Course,DemoX,Demo_Course,block-v1:edX+DemoX+Demo_Course+type@vertical+block@f91d8d31f7cf48ce990f8d8745ae4cfa,Answering More Than Once,vertical,false,2022-09-15 19:58:37.827000+00:00,2023-03-10 15:49:52.507320+00:00,131
edX,course-v1:edX+DemoX+Demo_Course,DemoX,Demo_Course,block-v1:edX+DemoX+Demo_Course+type@vertical+block@fb6b62dbec4348528629cf2232b86aea,Instructor Programmed Responses,vertical,false,2022-09-15 19:58:37.603000+00:00,2023-03-10 15:49:52.505311+00:00,63
edX,course-v1:edX+DemoX+Demo_Course,DemoX,Demo_Course,block-v1:edX+DemoX+Demo_Course+type@vertical+block@fb79dcbad35b466a8c6364f8ffee9050,Peer Assessed Essays,vertical,false,2022-09-15 19:58:37.671000+00:00,2023-03-10 15:49:52.506437+00:00,99
edX,course-v1:edX+DemoX+Demo_Course,DemoX,Demo_Course,block-v1:edX+DemoX+Demo_Course+type@vertical+block@vertical_0270f6de40fc,Introduction: Video and Sequences,vertical,false,2022-09-15 19:58:37.510000+00:00,2023-03-10 15:49:52.503654+00:00,5
edX,course-v1:edX+DemoX+Demo_Course,DemoX,Demo_Course,block-v1:edX+DemoX+Demo_Course+type@vertical+block@vertical_0c92347a5c00,Mathematical Expressions,vertical,false,2022-09-15 19:58:37.585000+00:00,2023-03-10 15:49:52.504979+00:00,51
edX,course-v1:edX+DemoX+Demo_Course,DemoX,Demo_Course,block-v1:edX+DemoX+Demo_Course+type@vertical+block@vertical_1fef54c2b23b,Chemical Equations,vertical,false,2022-09-15 19:58:37.590000+00:00,2023-03-10 15:49:52.505060+00:00,54
edX,course-v1:edX+DemoX+Demo_Course,DemoX,Demo_Course,block-v1:edX+DemoX+Demo_Course+type@vertical+block@vertical_2dbb0072785e,An Interactive Reference Table,vertical,false,2022-09-15 19:58:37.613000+00:00,2023-03-10 15:49:52.505475+00:00,69
edX,course-v1:edX+DemoX+Demo_Course,DemoX,Demo_Course,block-v1:edX+DemoX+Demo_Course+type@vertical+block@vertical_36e0beb03f0a,Randomized Questions,vertical,false,2022-09-15 19:58:37.837000+00:00,2023-03-10 15:49:52.507520+00:00,138
edX,course-v1:edX+DemoX+Demo_Course,DemoX,Demo_Course,block-v1:edX+DemoX+Demo_Course+type@vertical+block@vertical_3888db0bc286,Discussion Forums,vertical,false,2022-09-15 19:58:37.683000+00:00,2023-03-10 15:49:52.506633+00:00,106
edX,course-v1:edX+DemoX+Demo_Course,DemoX,Demo_Course,block-v1:edX+DemoX+Demo_Course+type@vertical+block@vertical_98cf62510471,Zooming Diagrams,vertical,false,2022-09-15 19:58:37.629000+00:00,2023-03-10 15:49:52.505558+00:00,72
edX,course-v1:edX+DemoX+Demo_Course,DemoX,Demo_Course,block-v1:edX+DemoX+Demo_Course+type@vertical+block@vertical_aae927868e55,Code Grader,vertical,false,2022-09-15 19:58:37.647000+00:00,2023-03-10 15:49:52.506006+00:00,83
edX,course-v1:edX+DemoX+Demo_Course,DemoX,Demo_Course,block-v1:edX+DemoX+Demo_Course+type@vertical+block@vertical_ac391cde8a91,Limited Checks,vertical,false,2022-09-15 19:58:37.831000+00:00,2023-03-10 15:49:52.507409+00:00,134
edX,course-v1:edX+DemoX+Demo_Course,DemoX,Demo_Course,block-v1:edX+DemoX+Demo_Course+type@vertical+block@vertical_bc69a47c6fae,Protein Creator,vertical,false,2022-09-15 19:58:37.661000+00:00,2023-03-10 15:49:52.506253+00:00,92
edX,course-v1:edX+DemoX+Demo_Course,DemoX,Demo_Course,block-v1:edX+DemoX+Demo_Course+type@vertical+block@vertical_c037f3757df1,Electric Circuit Simulator,vertical,false,2022-09-15 19:58:37.653000+00:00,2023-03-10 15:49:52.506121+00:00,87
edX,course-v1:edX+DemoX+Demo_Course,DemoX,Demo_Course,block-v1:edX+DemoX+Demo_Course+type@vertical+block@vertical_d32bf9b2242c,Electronic Sound Experiment,vertical,false,2022-09-15 19:58:37.634000+00:00,2023-03-10 15:49:52.505749+00:00,75
edX,course-v1:edX+DemoX+Demo_Course,DemoX,Demo_Course,block-v1:edX+DemoX+Demo_Course+type@vertical+block@vertical_f04afeac0131,Immediate Feedback,vertical,false,2022-09-15 19:58:37.818000+00:00,2023-03-10 15:49:52.507145+00:00,125
edX,course-v1:edX+DemoX+Demo_Course,DemoX,Demo_Course,block-v1:edX+DemoX+Demo_Course+type@video+block@0b9e39477cf34507a7a48f74be381fdd,Welcome!,video,false,2022-09-15 19:58:37.515000+00:00,2023-03-10 15:49:52.503717+00:00,7
edX,course-v1:edX+DemoX+Demo_Course,DemoX,Demo_Course,block-v1:edX+DemoX+Demo_Course+type@video+block@5c90cffecd9b48b188cbfea176bf7fe9,Video,video,false,2022-09-15 19:58:37.532000+00:00,2023-03-10 15:49:52.504041+00:00,18
edX,course-v1:edX+DemoX+Demo_Course,DemoX,Demo_Course,block-v1:edX+DemoX+Demo_Course+type@video+block@636541acbae448d98ab484b028c9a7f6,Connecting a Circuit and a Circuit Diagram,video,false,2022-09-15 19:58:37.541000+00:00,2023-03-10 15:49:52.504234+00:00,25
edX,course-v1:edX+DemoX+Demo_Course,DemoX,Demo_Course,block-v1:edX+DemoX+Demo_Course+type@video+block@7e9b434e6de3435ab99bd3fb25bde807,A Shared Culture,video,false,2022-09-15 19:58:37.526000+00:00,2023-03-10 15:49:52.503929+00:00,14
edX,course-v1:edX+DemoX+Demo_Course,DemoX,Demo_Course,block-v1:edX+DemoX+Demo_Course+type@video+block@af7fe1335eb841cd81ce31c7ee8eb069,Video,video,false,2022-09-15 19:58:37.640000+00:00,2023-03-10 15:49:52.505872+00:00,79
